http://shangpin.huangye88.com/60272/,【原木纯品】-2019年原木纯品采购/批发价格-黄页88网-黄页88,黄页88网提供2019年最新原木纯品供应/采购信息，包括原木纯品图片、批发、价格、报价等详细信息。您也可以免费发布原木纯品供求信息，海量商机和询盘等着您。发布信息就来黄页88网
http://yuedu.sogou.com/search?keyword=%E5%8E%9F%E6%9C%A8%E7%BA%AF%E5%93%81,原木纯品作品集-搜狗小说,"a变o南家小贰要嫁..a变o南家小贰要嫁..作者：原木纯品更新至：第60章结局简介：乐正贰是个过的最高位置是黑帮老二,人生目标是成为一个黑帮老大.只可惜梦想是丰满的,现实是骨感的.一眨眼间,他"
https://www.sogou.com/link?url=hedJjaC291MBtMZVirtXo-uw6hXR-bCUK8kmU8b6AdwjCCLwKE_gRZH4VlcngO5P,原木纯品_知乎,知原木纯品_知乎原木纯品113赞同19关注43感谢出租屋隔音差老是被楼下吼该如何解决?有哪些被长相耽误发展的演员/歌手?查看更多>>知乎-www.zhihu.com/p... - 2019-3-14
https://weixin.sogou.com/,,原木纯品
https://pic.sogou.com/pics?query=%D4%AD%C4%BE%B4%BF%C6%B7&p=40230500&st=255&mode=255&policyType=0,原木纯品_搜狗图片,相关搜索：新品原木展柜新品原木护墙板原木纯实木地板纯原木实木门纯原木纯实原木实木门纯实木原木木门原木家具2至4米原木木材材积表原木护墙板原木风格装修原木风常用原木材积表北欧原木风格装修
https://www.sogou.com/link?url=DSOYnZeCC_q7n-PIQGHf1H8Ys2t2oBkvS5GqEszWSmLsIEBxOKjN9dM7Xe6uZ5eq,【原木纯品】原木纯品价格_原木纯品批发_原木纯品厂家_Hc360慧聪网,[图文]慧聪网提供了丰富的原木纯品信息，主要内容包含：原木纯品价格、原木纯品商品介绍、原木纯品图片等，还有详细的商家介绍与详细联系方式，购买原木纯品及其相关产品就...慧聪网-www.hc360.com/h... - 2019-5-13 - 快照
https://www.sogou.com/link?url=DSOYnZeCC_o-rKT8gF1wNkfUi8I_-jUHtX2EyTRp7_U7nQZqX9HEsF1Eufw4wDNeKKA1UDpRtJc.,原木纯品 的专栏：原木屋_晋江文学城|晋江原创网,[图文]原木屋[收藏此作者]【http://1116923.jjwxc.net】被收藏数：31专栏主人原木纯品的自白：我还是个读者哟会搞笑，会卖萌（误），求包养。P了个S，坚持1vs1，只想写...晋江文学城-www.jjwxc.net/o... - 2014-5-8 - 快照
https://www.sogou.com/link?url=hedJjaC291PE3BDv4eEcnFbwmUpn-VOPGq8MtKkTS3m__ioaYYR0dA..,什么是原木纯品？_夹板木材_土巴兔问吧,[图文]土巴兔装修问答平台为网友提供各种什么是原木纯品？问题解答。土巴兔装修问答汇聚600万业主的装修经验和智慧，迅速解决装修困惑土巴兔-www.to8to.com/a... - 2014-12-24 - 快照
https://www.sogou.com/link?url=hedJjaC291MUdCX-oQO-I8p-5pIYg7KbNqUGk8ElW65cms8RvsWHC-dR16hthx5L0ztd7q5nl6o.,原木纯品纸巾【多图】_价格_图片- 天猫精选,[图文]天猫精选原木纯品纸巾专题，我们从价格、评价、销量出发，为您精选了和原木纯品纸巾相关的1415个商品天猫-www.tmall.com/m... - 2019-5-7 - 快照
https://www.sogou.com/link?url=DSOYnZeCC_owkDvmYG0gMz-JrNZwwuWKcHUKqbj1T-6-WErsVEipXFGiqGKmtdi3tboTUciY_MKuLaNMGv04nw..,"清风原木纯品,源于纯净木材_百度文库","Word文档 - 1页 - 24.0KB清风原木纯品,源于纯净木材清风原木纯品的推出,就像是在纸巾产品当中刮来了一场充满自然味道的微风,满满的都是森林当中的清新气味.清风原木纯品的命名,自然大家都..."
https://www.sogou.com/link?url=DSOYnZeCC_o0P-QpN1SHhhKl4kVQZMA5FWnfigrDqB2NX6g6PPaeK7jsitFpriV8reaVHN88tHY.,原木纯品-原木纯品品牌、图片、排行榜 - 阿里巴巴,[图文]原木纯品品牌/图片/价格-863品牌精选大全，品质商家，实力商家，进口商家，微商微店一件代发，阿里巴巴为您找到863个有实力的原木纯品品牌厂家，还包括价格，高清大...阿里巴巴1688-www.1688.com/b... - 2019-5-16 - 快照
https://www.sogou.com/link?url=hedJjaC291M3SLcPicDgJGgaH_4ap3s4vrCFTA88kYWUhaQSRaCeM9M7Xe6uZ5eq,"【原木纯品200抽】原木纯品200抽哪款好？看实拍,买好货！- 京东优评",[图文]京东JD.COM为您提供专业的原木纯品200抽哪款好的优评商品，从原木纯品200抽价格、原木纯品200抽品牌、图片、好评度等方面精选用户购买评价心得。京东优评，看实拍...京东-yp.jd.com/1... - 2019-1-28 - 快照
https://www.sogou.com/link?url=DSOYnZeCC_owkDvmYG0gMz-JrNZwwuWKbepCT5lP07W3L-k_1SdxV7qtsU2tKD403GngkmDodRmuLaNMGv04nw..,清风原木纯品卷纸用途介绍_百度文库,"Word文档 - 1页 - 13.0KBd清风原木纯品卷纸用途介绍秉承“你用纸,我种树,实践绿色大循环”原则的清风,一直是很多人选择纸品时的首选,特别是其坚持的林浆纸一体化原则,堪称业界良心.清风..."
https://www.sogou.com/link?url=DOb0bgH2eKg7Sf-koBXrEidQRoztLvNXCquHaNrIZCEx2PgB_zVkLxqLirpY-4h30ztd7q5nl6o.,“原木纯品”_胖子_新浪博客,"来自：胖子标签：杂谈日期：2013-08-14因而大山里粗壮的原木可雕可塑,而不是墙头草;纯品纸浆造出的纸可细可腻,对人体皮肤没有刺激,才能认为它是好纸……中国曾经失去的贵族文化里,因为勇敢,尊严,优雅,...新浪博客-blog.sina.com.cn/s... - 2013-8-14 - 快照"
https://www.sogou.com/link?url=DOb0bgH2eKg7Sf-koBXrEidQRoztLvNXxrxUOV-D89sZ6L77mwmr5jmZQUuM8P7KOHdl-hdEkGA.,原木纯品_用户5119999181_新浪博客,来自：用户...标签：原木纯品日期：2014-05-262014淘宝原木纯品推荐店铺最热销【天猫超市】清风纸巾抽纸原木纯品系列抽取面巾纸2层150抽4包【天猫超市】清风纸品家庭装抽纸原木纯品抽取式面巾纸180抽原木纯品亏...新浪博客-blog.sina.com.cn/s... - 2014-5-26 - 快照
https://www.sogou.com/link?url=DSOYnZeCC_rbV0qMyQ1rgM3Rr9COzqJnGwSvD19V0_pB7jTa8dQdL9M7Xe6uZ5eq,原木纯品旗舰店官方正品_原木纯品旗舰店促销商品,[图文]原木纯品旗舰店是原木纯品旗舰店厂家在网上运营的官网商城，销售公司在中国，想了解更多原木纯品旗舰店专卖店、专营店、折扣店和实体店的联系电话及地址、享受原木纯...www.nujian520.com/s... - 2019-4-2 - 快照
https://www.sogou.com/link?url=DSOYnZeCC_q7n-PIQGHf1H8Ys2t2oBkvS5GqEszWSmLQTynDjLzbydM7Xe6uZ5eq,【原木纯品纸巾】原木纯品纸巾价格_原木纯品纸巾批发_原木纯品纸巾...,[图文]慧聪网提供了丰富的原木纯品纸巾信息，主要内容包含：原木纯品纸巾价格、原木纯品纸巾商品介绍、原木纯品纸巾图片等，还有详细的商家介绍与详细联系方式，购买原木纯...慧聪网-www.hc360.com/h... - 2019-5-25 - 快照
https://www.sogou.com/link?url=40EjMDkDaLC8wZHFUXKJ-03lgb7hGJzgboETu1pvEp4EyUZZzAhVwTkCQZwp1HvhtsCnpVGpPpA.,"原木纯品视频—在线播放—优酷网,视频高清在线观看",播放视频原木纯品视频播放器使用HTML5播放器使用FLASH播放器15视频播放2粉丝优酷热门产品中心药品服务许可证(京)-经营-2015-0029违法不良信息举报:电话4008100580、...优酷-v.youku.com/v... - 2015-7-11 - 快照
https://www.sogou.com/link?url=DOb0bgH2eKg7Sf-koBXrEidQRoztLvNX85UNOvT_jDt6nnthHrX_eg1CdkH8XqnD0ztd7q5nl6o.,原木纯品  6种自然风原木家居装饰_别墅生活馆_新浪博客,"来自：别墅生活馆标签：杂谈日期：2011-12-15木质的家具,总是能把居室装点得宁静而清雅.无论这些家饰颜色深浅,或是造型繁简,都是如此和谐.责任编辑:张道怿(实习)原木纯品6种自然风原木家居装饰新浪博客-blog.sina.com.cn/s... - 2011-12-15 - 快照"
https://www.sogou.com/link?url=DSOYnZeCC_rZXVZCtvPXjmRFzFBIhMTs3hRzo_38MUz0GR6NGiXQV63mlRzfPLR2,原木纯品的纸有什么优点？,最佳答案源于纯净·归于健康，原木纯品精选100%原生木浆精制而成，纸质细腻，柔韧，擦拭更舒适吸水性好。沾水不易破裂；擦拭不留纸屑，使用无尴尬；不添加香精，纯净，...
https://www.sogou.com/link?url=DSOYnZeCC_rZXVZCtvPXjmRFzFBIhMTsSMnU3lgNb1Rnhs8L_7irOa3mlRzfPLR2,什么是原木纯品？ - 搜狗问问,最佳答案原木纯品就是采用100%原生木浆啊，完全采用植物纤维，不含无机纤维、化学纤维、金属纤维等，不添加任何的荧光增白剂，对皮肤无刺激。100%的原生木浆制造而成，...
https://www.sogou.com/link?url=hedJjaC291N4FiEVnjkk4bOSDU6EM_KFZpR6MQDH4jc-MSj00wnQHrWgskf3mNKnvnkb74oUD5o.,什么是原木纯品？-百度知道,最佳答案原木纯品就是采用100%原生木浆啊，完全采用植物纤维，不含无机纤维、化学纤维、金属纤维等，不添加任何的荧光增白剂，对皮肤无刺激。100%的原生木浆...
https://www.sogou.com/link?url=DSOYnZeCC_rZXVZCtvPXjmRFzFBIhMTs5WeWvrg5HbAhSvqewgUH7a3mlRzfPLR2,抽纸要原木生浆的好还是原木纯品好 - 搜狗问问,最佳答案肯定是原木生浆的好，对于纸柔软度是纸巾品质的一个重要指标。高品质的纸巾含木浆量高，摸上去手感细腻柔软纹理均匀细腻，没有洞眼，不易掉粉、掉色、掉毛，在柔...
